iter	RMSE
0	41.69713615
1	40.90736922
2	39.21417336
3	38.349983
4	37.78950516
5	37.39359982
6	36.87113902
7	36.40834394
8	35.86644127
9	34.78614728
