iter	RMSE
0	23032.2788
1	22907.14647
2	22725.79637
3	22592.11466
4	22528.2452
5	22410.20209
6	22292.66383
7	22184.18662
8	22102.4878
9	22010.4812
